{"cameraMode":{"drawMode":0,"name":"Shaded","section":"Shading Mode"},"sceneLighting":true,"audioPlay":false,"sceneViewState":{"showFog":true,"showMaterialUpdate":false,"showSkybox":true,"showFlares":true,"showImageEffects":true,"showParticleSystems":true},"in2DMode":false,"pivot":{"x":1.3370203971862794,"y":1.3798952102661133,"z":-1.155334234237671},"rotation":{"x":-0.4362211227416992,"y":0.2855842411518097,"z":-0.14824652671813966,"w":-0.8403430581092835},"size":9.324785232543946,"orthographic":false}