{"cameraMode":{"drawMode":0,"name":"Shaded","section":"Shading Mode"},"sceneLighting":true,"audioPlay":false,"sceneViewState":{"showFog":true,"showMaterialUpdate":false,"showSkybox":true,"showFlares":true,"showImageEffects":true,"showParticleSystems":true},"in2DMode":false,"pivot":{"x":-2.2262871265411379,"y":8.581839561462403,"z":-0.19350528717041017},"rotation":{"x":0.15235622227191926,"y":0.24223700165748597,"z":-0.038545966148376468,"w":0.957413911819458},"size":5.962312698364258,"orthographic":false}