{"cameraMode":{"drawMode":0,"name":"Shaded","section":"Shading Mode"},"sceneLighting":true,"audioPlay":false,"sceneViewState":{"showFog":true,"showMaterialUpdate":false,"showSkybox":true,"showFlares":true,"showImageEffects":true,"showParticleSystems":true},"in2DMode":false,"pivot":{"x":-1.7518770694732667,"y":8.480121612548829,"z":-0.5221858024597168},"rotation":{"x":0.15868131816387177,"y":0.2903008460998535,"z":-0.04887739196419716,"w":0.9424304962158203},"size":5.962312698364258,"orthographic":false}