{"cameraMode":{"drawMode":0,"name":"Shaded","section":"Shading Mode"},"sceneLighting":false,"audioPlay":false,"sceneViewState":{"showFog":true,"showMaterialUpdate":false,"showSkybox":false,"showFlares":true,"showImageEffects":true,"showParticleSystems":true},"in2DMode":false,"pivot":{"x":-12.405677795410157,"y":19.122573852539064,"z":-35.81664276123047},"rotation":{"x":-0.0951557382941246,"y":0.8175703883171082,"z":-0.1414441168308258,"w":-0.5500164031982422},"size":28.566604614257814,"orthographic":false}