{"cameraMode":{"drawMode":0,"name":"Shaded","section":"Shading Mode"},"sceneLighting":false,"audioPlay":false,"sceneViewState":{"showFog":true,"showMaterialUpdate":false,"showSkybox":false,"showFlares":true,"showImageEffects":true,"showParticleSystems":true},"in2DMode":false,"pivot":{"x":-8.684381484985352,"y":-5.249886989593506,"z":18.293216705322267},"rotation":{"x":-0.025644758716225625,"y":0.9740886092185974,"z":-0.17002782225608827,"w":-0.14691904187202454},"size":3.1868510246276857,"orthographic":false}